Price,Prod. year,Leather interior,Mileage,Cylinders,Gear box type,Drive wheels,Airbags
59464,2016,Yes,76000,4,Automatic,Front,4
28382,2016,Yes,54317,4,Automatic,Front,4
45734,2016,Yes,61057,4,Automatic,Front,4
34889,2016,Yes,87768,4,Automatic,Front,4
23521,2018,No,22000,4,Automatic,Front,6
53154,2016,Yes,84506,4,Automatic,Front,4
12858,2015,No,91200,4,Automatic,Front,10
44752,2016,Yes,86000,4,Automatic,Front,4
16935,2015,Yes,71454,4,Automatic,Front,0
51965,2016,Yes,59515,4,Automatic,Front,4
21169,2015,No,33330,4,Automatic,4x4,8
40070,2016,Yes,25807,4,Automatic,Front,4
44213,2016,Yes,50255,4,Automatic,Front,4
54518,2017,Yes,40193,4,Automatic,Front,4
42651,2017,Yes,44995,4,Automatic,4x4,0
28909,2017,Yes,98000,4,Automatic,Front,4
59865,2019,Yes,13000,4,Automatic,Front,4
68223,2018,Yes,27406,4,Automatic,Front,4
39161,2017,Yes,73000,4,Automatic,Front,4
49858,2019,Yes,48000,4,Automatic,Front,4
51075,2017,Yes,40800,4,Automatic,Front,4
43576,2016,Yes,97129,4,Automatic,Front,4
28225,2018,No,24000,4,Automatic,Front,8
18817,2017,Yes,29094,4,Automatic,Front,0
39201,2015,Yes,35000,4,Automatic,Front,10
36426,2018,Yes,35643,4,Automatic,Front,4
9565,2015,Yes,42000,4,Automatic,Front,4
24302,2015,Yes,60618,4,Automatic,Front,4
55823,2018,Yes,38577,4,Automatic,Front,4
37000,2016,Yes,80000,4,Automatic,Front,4
21169,2018,No,25304,4,Automatic,Front,8
13485,2015,Yes,72369,4,Automatic,Front,4
21730,2017,Yes,32510,4,Automatic,Front,4
61499,2019,Yes,1217,4,Automatic,Front,4
51225,2017,Yes,58414,4,Automatic,Front,4
49798,2015,Yes,93555,4,Automatic,Front,4
43592,2017,Yes,39814,6,Automatic,Rear,0
40340,2016,Yes,59272,4,Automatic,Front,4
28830,2015,Yes,68243,4,Automatic,Front,4
13808,2016,Yes,38206,4,Automatic,Front,4
35570,2017,Yes,97880,4,Automatic,Front,4
16935,2015,Yes,94949,4,Automatic,Front,0
38213,2018,Yes,0,4,Automatic,Front,4
44134,2016,Yes,48910,4,Automatic,Front,4
54157,2015,Yes,78006,4,Automatic,Front,4
49889,2016,Yes,71867,4,Automatic,Front,4
27654,2015,Yes,87534,4,Automatic,Front,4
59586,2017,No,32000,6,Automatic,Front,10
44247,2016,Yes,51831,4,Automatic,Front,4
47042,2017,Yes,75186,4,Automatic,4x4,0
16465,2016,No,0,4,Automatic,Front,0
11604,2016,Yes,31970,4,Automatic,Front,4
38888,2017,No,50000,4,Automatic,4x4,10
17092,2016,No,71886,4,Automatic,Front,8
34497,2017,No,24000,6,Automatic,Front,8
24148,2016,No,10200,4,Automatic,Front,10
26030,2017,Yes,52062,4,Automatic,Front,0
39458,2016,Yes,70259,4,Automatic,Front,4
16283,2016,Yes,55225,4,Automatic,Front,4
19864,2015,Yes,52313,4,Automatic,Front,4
17249,2015,No,84291,4,Automatic,Front,0
16308,2016,Yes,1717,4,Automatic,4x4,0
30596,2016,Yes,71672,4,Automatic,Front,4
38445,2016,Yes,94558,4,Automatic,Front,4
37580,2015,Yes,95200,4,Automatic,Front,4
42369,2015,Yes,60304,4,Automatic,Front,4
57030,2018,Yes,5000,4,Automatic,Front,4
48575,2017,Yes,64652,4,Automatic,Front,4
52696,2016,Yes,48042,4,Automatic,Front,4
16935,2018,No,15333,4,Automatic,Front,8
13172,2017,Yes,33118,4,Automatic,Front,4
15053,2015,No,0,4,Automatic,Front,0
58507,2018,Yes,29709,4,Automatic,Front,4
53317,2015,Yes,28000,4,Automatic,Front,4
42987,2015,Yes,52878,4,Automatic,Front,4
56509,2018,Yes,17741,4,Automatic,Front,4
9418,2015,Yes,42875,4,Automatic,Front,4
28532,2016,Yes,94401,4,Automatic,Front,4
18189,2015,Yes,48000,4,Automatic,Front,4
18776,2015,Yes,51895,4,Automatic,Front,4
43576,2016,Yes,33261,4,Automatic,Front,4
18503,2016,Yes,31006,4,Automatic,Front,4
12541,2016,Yes,32986,4,Automatic,Front,4
36065,2016,Yes,32000,4,Automatic,Rear,10
66482,2017,Yes,16639,4,Automatic,Front,4
17562,2015,No,88000,4,Automatic,Front,10
16778,2015,Yes,33333,4,Automatic,Front,4
15677,2016,No,74800,4,Automatic,Front,8
54048,2017,Yes,9027,4,Automatic,Front,4
38822,2017,Yes,3474,4,Automatic,Front,4
75160,2017,Yes,66901,4,Automatic,Front,4
39201,2017,Yes,95541,6,Automatic,Rear,0
41867,2017,Yes,29220,4,Automatic,Front,4
44608,2016,Yes,63687,4,Automatic,Front,4
37066,2018,Yes,20388,4,Automatic,Front,4
14113,2015,Yes,45605,4,Automatic,Front,0
20228,2016,Yes,29112,4,Automatic,Front,4
43868,2015,Yes,61551,4,Automatic,Front,4
9418,2015,Yes,43514,4,Automatic,Front,4
73620,2018,Yes,51106,4,Automatic,Front,4
51746,2019,No,4000,4,Automatic,Front,5
44134,2016,Yes,35398,4,Automatic,Front,4
13485,2015,No,67825,4,Automatic,Front,8
34406,2018,Yes,36470,4,Automatic,Front,4
14740,2015,Yes,50534,4,Automatic,Front,4
30740,2017,Yes,88400,4,Automatic,Front,4
52696,2017,Yes,44844,4,Automatic,Front,4
67404,2018,Yes,40808,4,Automatic,Front,4
74796,2019,Yes,12000,4,Automatic,Front,4
16151,2018,No,33548,4,Automatic,Front,8
45210,2017,Yes,16431,4,Automatic,Front,4
48873,2016,Yes,33555,4,Automatic,Front,4
33823,2017,Yes,80425,4,Automatic,Front,4
19444,2015,No,68221,4,Automatic,Front,6
20071,2016,Yes,27477,4,Automatic,Front,4
61471,2017,Yes,41018,4,Automatic,Front,4
40092,2016,Yes,82658,4,Automatic,Front,4
42692,2016,Yes,36000,4,Automatic,Front,4
15681,2015,Yes,53772,4,Automatic,Front,4
52853,2016,Yes,89454,4,Automatic,Front,4
34635,2019,Yes,2927,4,Automatic,Front,4
41578,2016,Yes,92888,4,Automatic,Front,4
34572,2015,Yes,67190,4,Automatic,Front,4
28225,2015,Yes,73931,4,Automatic,Front,0
18660,2016,Yes,29420,4,Automatic,Front,4
58172,2017,Yes,26166,4,Automatic,Front,4
53154,2016,Yes,80737,4,Automatic,Front,4
42337,2016,No,56000,4,Manual,Rear,4
45734,2016,Yes,61057,4,Automatic,Front,4
15367,2015,No,19000,4,Manual,Front,10
64463,2018,Yes,5187,4,Automatic,Front,4
24462,2017,Yes,70400,4,Automatic,Front,0
17562,2015,No,58190,4,Automatic,Front,6
40889,2015,Yes,29000,4,Automatic,Front,4
18503,2016,Yes,29864,4,Automatic,Front,4
39559,2015,Yes,89423,4,Automatic,Front,4
34889,2018,Yes,16125,4,Automatic,Front,4
42601,2017,Yes,17247,4,Automatic,Front,4
59464,2016,Yes,43877,4,Automatic,Front,4
10349,2015,Yes,53341,4,Automatic,Front,4
41281,2018,Yes,52349,4,Automatic,Front,4
29094,2016,Yes,54500,4,Automatic,Front,4
30906,2017,Yes,68000,4,Automatic,Front,4
32615,2016,Yes,20000,4,Automatic,Front,4
43868,2016,Yes,85134,4,Automatic,Front,4
64290,2016,Yes,33500,4,Automatic,4x4,0
20162,2015,Yes,14368,4,Automatic,Front,4
40769,2016,Yes,23216,4,Automatic,Front,4
29950,2016,Yes,50079,4,Automatic,Front,4
18189,2016,Yes,41370,4,Automatic,Front,4
17249,2015,No,37000,4,Automatic,Front,0
17249,2015,No,88830,4,Automatic,Front,0
36197,2017,Yes,65124,4,Automatic,Front,4
38260,2018,Yes,41068,4,Automatic,Front,10
20526,2015,Yes,75000,4,Automatic,Front,4
37633,2018,Yes,42246,4,Automatic,4x4,0
14583,2017,No,62971,4,Automatic,Front,8
69502,2018,Yes,75938,4,Automatic,Front,4
18346,2015,Yes,31880,4,Automatic,Front,4
39750,2016,Yes,72000,4,Automatic,Front,4
32929,2018,Yes,54865,4,Automatic,Front,4
5802,2018,Yes,54786,4,Automatic,Front,0
5018,2016,Yes,71218,4,Automatic,Front,0
50184,2017,Yes,31220,4,Automatic,Front,4
58495,2017,Yes,44534,4,Automatic,Front,4
30931,2018,Yes,35798,4,Automatic,Front,4
36401,2018,Yes,71551,4,Automatic,Front,4
15367,2015,Yes,50366,4,Automatic,Front,4
23436,2015,Yes,72645,4,Automatic,Front,4
12858,2015,Yes,93170,4,Automatic,4x4,0
20698,2015,No,78000,4,Manual,Front,10
23129,2016,Yes,87973,4,Automatic,Front,4
22197,2016,Yes,70000,4,Automatic,Front,4
27284,2019,No,1500,4,Automatic,Front,6
39085,2015,Yes,76550,4,Automatic,Front,4
17092,2017,No,33097,4,Automatic,Front,8
42337,2015,No,7520,8,Automatic,Front,8
36137,2018,Yes,47181,4,Automatic,Front,4
18346,2015,Yes,31891,4,Automatic,Front,4
45445,2017,Yes,65496,4,Automatic,Front,4
21285,2017,Yes,68415,4,Automatic,Front,4
22580,2016,Yes,62876,4,Automatic,Front,4
55528,2017,Yes,84315,4,Automatic,Front,4
45633,2015,Yes,59077,4,Automatic,Front,4
29323,2015,Yes,81142,4,Automatic,Front,4
54932,2016,Yes,42554,4,Automatic,Front,4
26971,2017,Yes,31694,4,Automatic,Front,10
21000,2019,Yes,6800,4,Automatic,Front,2
58338,2017,Yes,43420,4,Automatic,Front,4
57607,2017,Yes,15000,4,Automatic,Front,4
13799,2015,Yes,30258,4,Automatic,Front,4
17719,2017,No,0,4,Automatic,Front,0
41811,2017,Yes,92627,4,Automatic,Front,4
55515,2016,Yes,64691,4,Automatic,Front,4
27924,2018,Yes,53000,4,Automatic,Front,4
6272,2016,Yes,17584,8,Automatic,4x4,0
35839,2016,Yes,9756,4,Automatic,Front,4
21953,2016,Yes,94400,4,Automatic,4x4,0
21012,2017,Yes,75492,4,Automatic,Front,8
26657,2017,No,31006,4,Automatic,Front,10
49058,2016,Yes,73148,4,Automatic,Front,4
37066,2018,Yes,20388,4,Automatic,Front,4
21169,2017,No,41681,4,Automatic,Front,8
24462,2016,Yes,48935,4,Automatic,Front,10
42808,2018,Yes,24382,4,Automatic,Front,8
41811,2017,Yes,53811,4,Automatic,Front,4
4861,2015,Yes,49272,4,Automatic,Front,0
16891,2016,Yes,43840,4,Automatic,Front,4
51272,2016,Yes,42378,4,Automatic,Front,4
22894,2017,No,46800,4,Automatic,Front,6
38445,2016,Yes,54472,4,Automatic,Front,4
20698,2016,Yes,26729,4,Automatic,Front,4
20491,2016,Yes,50051,4,Automatic,Front,4
37580,2015,Yes,60000,4,Automatic,Front,4
25729,2017,Yes,56378,4,Automatic,Front,4
57842,2019,Yes,32724,4,Automatic,Front,4
17694,2017,Yes,69968,4,Automatic,Front,4
29633,2016,Yes,27243,4,Automatic,Front,4
47217,2017,Yes,39071,4,Automatic,Front,4
37000,2016,Yes,90000,4,Automatic,Front,4
37580,2016,Yes,99000,4,Automatic,Front,4
18000,2016,Yes,22000,4,Automatic,4x4,8
36166,2017,Yes,71400,4,Automatic,Front,4
34497,2015,Yes,78000,4,Automatic,Front,0
30038,2018,Yes,60000,4,Automatic,Front,4
45044,2017,Yes,95948,4,Automatic,Front,4
46101,2015,Yes,89600,6,Automatic,Rear,10
17719,2017,No,53895,4,Automatic,Front,8
26343,2016,Yes,27390,4,Automatic,Front,4
27598,2016,No,41000,4,Automatic,Front,8
49751,2015,Yes,24148,4,Automatic,Front,4
58579,2016,Yes,35000,4,Automatic,Front,4
21326,2015,Yes,79500,4,Automatic,Front,10
39515,2016,Yes,21683,4,Automatic,Front,4
17562,2017,No,44000,4,Automatic,Front,6
6272,2016,Yes,59099,6,Automatic,4x4,0
24273,2015,Yes,58052,4,Automatic,Front,4
23935,2015,Yes,23603,4,Automatic,Front,4
52959,2015,Yes,99106,4,Automatic,Front,4
9364,2015,Yes,53711,4,Automatic,Front,4
35344,2015,Yes,90660,4,Automatic,Front,4
31675,2017,Yes,46935,4,Automatic,Front,4
43868,2016,Yes,43300,4,Automatic,Front,4
39201,2016,Yes,48000,4,Automatic,4x4,0
55932,2018,Yes,50310,4,Automatic,Front,4
14113,2017,No,89620,4,Automatic,Front,8
39559,2015,Yes,99000,4,Automatic,Front,4
45633,2015,Yes,59077,4,Automatic,Front,4
39797,2016,Yes,97181,4,Automatic,Front,4
35908,2016,Yes,30177,4,Automatic,Front,4
18817,2016,No,74098,4,Automatic,Front,8
13172,2015,No,72000,4,Manual,Front,6
42987,2017,Yes,60013,4,Automatic,Front,4
30712,2017,Yes,50380,4,Automatic,Front,4
33076,2018,Yes,41523,4,Automatic,Front,4
18503,2016,Yes,33091,4,Automatic,Front,4
35902,2016,Yes,99821,4,Automatic,Front,4
34635,2019,Yes,2927,4,Automatic,Front,4
54346,2018,Yes,46503,4,Automatic,Front,4
6899,2015,Yes,90392,4,Automatic,4x4,0
16000,2018,No,0,4,Automatic,Front,2
50526,2017,Yes,41747,4,Automatic,Front,4
52106,2016,Yes,94638,4,Automatic,Front,4
27174,2015,Yes,69320,4,Automatic,Front,4
20918,2015,Yes,41250,4,Automatic,Front,4
27356,2016,Yes,65004,4,Automatic,Front,4
21790,2016,Yes,40598,4,Automatic,Front,4
65858,2019,Yes,7000,4,Automatic,Front,10
22266,2017,Yes,48432,4,Automatic,Front,4
6743,2016,Yes,71904,4,Automatic,Front,0
42987,2017,Yes,13148,4,Automatic,Front,4
27093,2016,Yes,51287,4,Automatic,Front,4
23678,2015,Yes,30000,4,Automatic,Front,4
37633,2017,No,79309,4,Automatic,Front,7
39615,2015,Yes,43578,4,Automatic,Front,4
21326,2015,Yes,14004,4,Automatic,Front,8
31361,2016,Yes,54400,4,Automatic,Front,8
41811,2017,Yes,33216,4,Automatic,Front,4
25889,2016,Yes,63276,4,Automatic,Front,4
22894,2017,No,46800,4,Automatic,Front,6
59006,2019,Yes,14000,4,Automatic,Front,4
21012,2018,Yes,20549,4,Automatic,Front,10
4704,2017,Yes,59331,6,Automatic,Rear,0
28539,2016,No,31000,4,Automatic,Front,8
18660,2016,Yes,28647,4,Automatic,Front,4
41281,2016,Yes,77000,4,Automatic,Front,4
42692,2017,Yes,29308,4,Automatic,Front,4
45044,2017,Yes,87810,4,Automatic,Front,4
53540,2016,Yes,62230,4,Automatic,Front,4
18189,2016,No,0,4,Automatic,Front,6
54850,2018,Yes,13048,4,Automatic,Front,4
67981,2019,Yes,10120,4,Automatic,Front,4
36137,2018,Yes,47181,4,Automatic,Front,4
20071,2016,Yes,72507,4,Automatic,Front,4
47694,2016,Yes,79000,4,Automatic,Front,4
33538,2016,Yes,49799,4,Automatic,Front,4
36065,2018,No,37214,4,Automatic,Front,10
16308,2015,No,73000,4,Automatic,4x4,0
49751,2017,Yes,43178,4,Automatic,Front,4
44542,2015,Yes,93876,4,Automatic,Front,4
15994,2015,Yes,39878,4,Automatic,Front,4
51523,2017,Yes,17013,4,Automatic,Front,4
64002,2018,Yes,41778,4,Automatic,Front,4
56513,2018,Yes,41500,4,Automatic,Front,4
53314,2018,Yes,6800,6,Automatic,Front,8
34102,2015,Yes,65000,4,Automatic,Front,4
57372,2015,Yes,48764,4,Automatic,Front,4
13642,2015,Yes,43000,4,Automatic,Front,4
25559,2015,No,64467,4,Automatic,4x4,8
18817,2016,No,91000,4,Manual,Front,6
45210,2017,Yes,93087,4,Automatic,Front,4
37837,2017,Yes,72052,4,Automatic,Front,4
72758,2016,Yes,50693,8,Automatic,4x4,10
31424,2015,Yes,31000,4,Automatic,Front,4
32973,2016,Yes,94300,4,Automatic,Front,4
16621,2018,No,12532,4,Automatic,Front,8
25032,2017,Yes,22607,4,Automatic,Front,4
49237,2015,Yes,45000,6,Automatic,Rear,6
56513,2018,Yes,61640,4,Automatic,Front,4
21796,2015,Yes,28633,4,Automatic,Front,4
40224,2016,Yes,62232,4,Automatic,Front,4
12500,2019,No,6000,4,Automatic,Front,2
25456,2015,Yes,45650,4,Automatic,Front,4
66197,2018,Yes,20930,4,Automatic,Front,4
61521,2018,Yes,14661,4,Automatic,Front,4
47042,2016,No,38400,6,Automatic,Front,6
60000,2017,Yes,20147,4,Automatic,Front,4
17227,2016,Yes,49068,4,Automatic,Front,4
39458,2017,Yes,72924,4,Automatic,Front,4
22580,2019,No,5124,4,Automatic,4x4,10
24148,2017,Yes,27067,4,Automatic,Front,4
20000,2019,No,3800,4,Automatic,4x4,4
25299,2016,Yes,79845,4,Automatic,Front,4
43868,2016,Yes,64841,4,Automatic,Front,4
13485,2015,Yes,91103,4,Automatic,Front,8
48610,2015,Yes,76000,4,Manual,4x4,4
54458,2016,Yes,49454,4,Automatic,Front,4
12388,2016,Yes,67429,4,Automatic,Front,0
19736,2016,Yes,37405,4,Automatic,Front,4
16559,2015,Yes,51678,4,Automatic,Front,4
47989,2017,Yes,65659,4,Automatic,Front,4
41867,2018,Yes,35039,4,Automatic,Front,4
15612,2015,Yes,97382,4,Automatic,Front,4
18503,2017,No,0,4,Automatic,Front,0
25889,2016,Yes,79420,4,Automatic,Front,4
38737,2015,Yes,93000,4,Automatic,Front,4
42538,2018,Yes,2000,4,Automatic,Front,4
4077,2017,Yes,39814,6,Automatic,Rear,0
73714,2019,Yes,43598,4,Automatic,Front,4
18817,2016,No,71191,4,Automatic,Front,7
35071,2016,Yes,80700,4,Automatic,Front,4
23659,2017,Yes,42642,4,Automatic,Front,4
20385,2015,No,78000,4,Manual,Front,8
40346,2016,Yes,10409,4,Automatic,Front,4
9722,2015,Yes,39232,4,Automatic,Front,4
30455,2015,Yes,35463,4,Automatic,Front,4
51517,2017,Yes,44198,4,Automatic,Front,4
32772,2016,Yes,30068,4,Automatic,Front,4
33575,2018,Yes,53871,4,Automatic,Front,4
15000,2015,Yes,39000,4,Automatic,Front,6
73034,2018,Yes,41895,4,Automatic,Front,4
13956,2015,Yes,34328,4,Automatic,Front,4
21953,2017,No,38400,4,Automatic,Front,6
47408,2018,Yes,33000,4,Automatic,Front,4
19444,2016,Yes,31117,4,Automatic,Front,4
32393,2016,Yes,59191,4,Automatic,Front,4
18660,2016,Yes,29703,4,Automatic,Front,4
20071,2016,Yes,30662,4,Automatic,Front,4
5018,2016,Yes,71218,4,Automatic,Front,0
29777,2015,Yes,61298,4,Automatic,Front,4
22110,2016,Yes,28123,4,Automatic,Front,4
17249,2016,No,56000,4,Automatic,Front,8
20855,2017,Yes,18942,4,Automatic,Front,8
27946,2016,Yes,55446,4,Automatic,Front,4
63826,2019,Yes,9101,4,Automatic,Front,4
21253,2015,Yes,81200,4,Automatic,Front,4
18033,2015,Yes,35336,4,Automatic,Front,4
35908,2015,Yes,61297,4,Automatic,Front,4
38445,2015,Yes,70745,4,Automatic,Front,4
26030,2017,Yes,52062,4,Automatic,Front,0
26814,2016,Yes,33371,4,Automatic,Front,10
35269,2017,Yes,77721,4,Automatic,Front,4
48261,2016,Yes,22601,4,Automatic,Front,4
54697,2016,Yes,59066,4,Automatic,Front,4
39201,2016,Yes,51787,4,Automatic,Front,4
13328,2017,Yes,44642,6,Automatic,4x4,0
16935,2015,Yes,71454,4,Automatic,Front,0
48575,2015,Yes,87196,4,Automatic,Front,4
53154,2016,Yes,99000,4,Automatic,Front,4
27654,2015,Yes,33355,4,Automatic,Front,4
61816,2016,Yes,17320,4,Automatic,Front,4
57428,2017,Yes,73324,4,Automatic,Front,4
61521,2017,Yes,65689,4,Automatic,Front,4
26720,2019,Yes,2336,4,Automatic,Front,4
18346,2016,No,91380,4,Automatic,Front,8
32929,2018,Yes,54865,4,Automatic,Front,4
75793,2019,Yes,21680,4,Automatic,Front,4
29087,2016,Yes,50509,4,Automatic,Front,4
39750,2016,Yes,68942,4,Automatic,Front,4
23521,2015,No,0,4,Automatic,4x4,0
29144,2016,Yes,42765,4,Automatic,Front,4
42987,2017,Yes,85532,4,Automatic,Front,4
42692,2016,Yes,24846,4,Automatic,Front,4
37476,2016,Yes,24526,4,Automatic,Front,4
47537,2017,Yes,93720,4,Automatic,Front,4
27654,2015,Yes,11261,4,Automatic,Front,4
14426,2015,Yes,64032,4,Automatic,Front,4
4704,2017,Yes,59331,6,Automatic,Rear,0
28225,2016,No,70500,4,Automatic,Front,8
53282,2017,Yes,37844,4,Automatic,Front,4
56845,2017,Yes,88000,4,Automatic,Front,4
22580,2016,Yes,52000,4,Automatic,Front,0
6743,2016,Yes,71904,4,Automatic,Front,0
30602,2016,Yes,16714,4,Automatic,Front,4
44134,2016,Yes,56150,4,Automatic,Front,4
32929,2018,Yes,54865,4,Automatic,Front,4
41654,2016,Yes,41000,4,Automatic,Front,4
30326,2016,Yes,40877,4,Automatic,Front,4
53188,2018,Yes,47692,4,Automatic,Front,4
5018,2016,Yes,71218,4,Automatic,Front,0
45825,2018,Yes,9942,4,Automatic,Front,4
13799,2016,No,96877,4,Automatic,Front,8
20385,2017,No,89000,4,Automatic,Front,6
46866,2015,Yes,24696,4,Automatic,Front,4
21953,2015,No,67200,4,Automatic,Front,8
31361,2015,Yes,48000,4,Automatic,Front,6
34877,2016,Yes,70220,4,Automatic,Front,4
19444,2016,Yes,47453,4,Automatic,4x4,10
31581,2018,Yes,52000,4,Automatic,Front,4
57108,2016,Yes,55510,4,Automatic,Front,4
42717,2017,Yes,72040,4,Automatic,Front,4
37066,2016,Yes,91804,4,Automatic,Front,4
65040,2018,Yes,26501,4,Automatic,Front,4
38311,2017,Yes,31139,4,Automatic,Front,4
6899,2015,Yes,90392,4,Automatic,4x4,0
15524,2017,No,94000,4,Manual,Front,1
35610,2017,Yes,81348,4,Automatic,Front,4
44247,2016,Yes,51831,4,Automatic,Front,4
11133,2015,Yes,99542,4,Automatic,4x4,0
50341,2016,Yes,36215,4,Automatic,Front,4
39891,2015,Yes,80687,4,Automatic,Front,4
54167,2017,Yes,34900,4,Automatic,Front,4
47205,2018,Yes,46764,4,Automatic,Front,4
15000,2015,No,42000,4,Automatic,Front,6
40092,2015,Yes,87704,4,Automatic,Front,4
14740,2018,No,0,4,Automatic,Front,0
43868,2017,Yes,81665,4,Automatic,Front,4
16308,2016,No,91000,4,Manual,Front,2
28015,2017,Yes,85000,4,Automatic,Front,4
37062,2015,Yes,88392,4,Automatic,Front,4
15273,2017,Yes,86658,4,Automatic,Front,4
21796,2017,Yes,27992,4,Automatic,Front,4
18189,2015,No,21000,4,Manual,Front,10
52696,2017,Yes,93000,4,Automatic,Front,4
56509,2018,Yes,26134,4,Automatic,Front,4
66815,2018,Yes,40808,4,Automatic,Front,4
64463,2018,Yes,25255,4,Automatic,Front,4
66482,2017,Yes,19539,4,Automatic,Front,4
23207,2015,No,14500,4,Automatic,Rear,10
45633,2016,Yes,23739,4,Automatic,Front,4
9565,2015,Yes,32000,4,Automatic,Front,4
49293,2017,Yes,39747,4,Automatic,Front,4
45210,2017,Yes,69088,4,Automatic,Front,4
6899,2015,Yes,90392,4,Automatic,4x4,0
50018,2017,Yes,61600,4,Automatic,Front,4
22291,2018,Yes,5987,4,Automatic,Front,4
35328,2017,Yes,67668,4,Automatic,Front,4
46621,2015,Yes,90000,4,Automatic,Front,4
48202,2016,Yes,34000,4,Automatic,Front,4
47989,2015,Yes,81163,4,Automatic,Front,4
10349,2015,Yes,86280,4,Automatic,Front,4
54167,2016,Yes,82907,4,Automatic,Front,4
22894,2017,No,46800,4,Automatic,Front,6
42845,2015,Yes,16285,4,Automatic,Front,4
17249,2015,Yes,70000,4,Automatic,Front,4
22840,2015,Yes,91751,4,Automatic,Front,4
42400,2016,Yes,57793,4,Automatic,Front,4
9722,2015,Yes,93170,4,Automatic,4x4,0
38888,2018,No,62347,4,Automatic,Front,10
13642,2015,Yes,43000,4,Automatic,Front,4
15336,2015,Yes,37509,4,Automatic,Front,4
49751,2016,Yes,25970,4,Automatic,Front,4
9879,2015,Yes,52000,4,Automatic,Front,4
43880,2016,Yes,99881,4,Automatic,Front,4
37238,2015,Yes,37606,4,Automatic,Front,4
6275,2015,Yes,80746,4,Automatic,Front,4
36564,2016,Yes,47090,4,Automatic,Front,4
9722,2015,Yes,93170,4,Automatic,4x4,0
62697,2018,Yes,32000,4,Automatic,Front,4
33556,2017,No,90652,4,Automatic,Front,10
24932,2017,No,15052,4,Automatic,4x4,9
65052,2018,Yes,27448,4,Automatic,Front,4
19130,2016,Yes,49499,6,Automatic,4x4,0
4077,2017,Yes,39814,6,Automatic,Rear,0
21950,2018,Yes,18283,4,Automatic,4x4,10
78829,2018,Yes,2000,4,Automatic,Front,4
37066,2016,Yes,91804,4,Automatic,Front,4
23301,2016,Yes,31045,4,Automatic,Front,4
17038,2015,Yes,43457,4,Automatic,Front,4
37006,2017,No,39000,4,Manual,Front,4
44047,2015,Yes,62137,4,Automatic,Front,4
20382,2015,Yes,36223,4,Automatic,Front,4
17249,2015,Yes,91200,4,Automatic,Front,6
47042,2019,No,2565,4,Automatic,4x4,8
13642,2015,Yes,31892,4,Automatic,Front,4
10663,2015,Yes,81058,4,Automatic,4x4,0
27654,2015,Yes,87521,4,Automatic,Front,4
11604,2016,Yes,30901,4,Automatic,Front,4
10976,2017,No,64765,4,Automatic,Front,6
51689,2017,Yes,41551,4,Automatic,Front,4
22894,2016,No,36500,4,Automatic,Front,6
21639,2017,Yes,33005,4,Automatic,Front,4
16935,2015,Yes,71454,4,Automatic,Front,0
38737,2015,Yes,93000,4,Automatic,Front,4
49751,2016,Yes,17996,4,Automatic,Front,4
18660,2015,Yes,33985,4,Automatic,Front,4
57698,2015,Yes,32170,4,Automatic,Front,4
44134,2016,Yes,62621,4,Automatic,Front,4
26657,2017,No,70000,4,Automatic,Front,6
44166,2016,Yes,45220,4,Automatic,Front,4
21683,2018,Yes,10970,4,Automatic,Front,4
25716,2016,Yes,57491,4,Automatic,Front,4
20228,2016,Yes,25077,4,Automatic,Front,8
69502,2018,Yes,28750,4,Automatic,Front,4
6272,2015,No,93500,4,Automatic,Front,10
40183,2016,Yes,92003,4,Automatic,Front,4
40000,2016,No,70400,4,Automatic,4x4,10
18503,2016,Yes,29864,4,Automatic,Front,4
59827,2019,Yes,8115,4,Automatic,Front,4
18503,2016,Yes,31151,4,Automatic,Front,4
12231,2015,No,1000,4,Automatic,Front,2
17249,2016,No,43000,4,Automatic,Front,10
40901,2017,Yes,71908,4,Automatic,Front,4
31819,2015,Yes,44272,4,Automatic,Front,4
16935,2015,Yes,71454,4,Automatic,Front,0
41547,2017,Yes,50000,4,Automatic,Front,4
41547,2015,Yes,68515,4,Automatic,Front,4
20228,2016,Yes,26432,4,Automatic,Front,4
27065,2016,Yes,71000,4,Automatic,Front,4
42337,2017,Yes,29853,4,Automatic,Front,4
18033,2015,Yes,39077,4,Automatic,Front,4
63152,2017,Yes,7176,4,Automatic,Front,4
54186,2016,Yes,95131,4,Automatic,Front,4
54807,2016,Yes,59000,4,Automatic,Front,4
38060,2016,Yes,71826,4,Automatic,Front,4
33494,2015,Yes,29000,4,Automatic,Front,4
29950,2018,Yes,9410,4,Automatic,Front,9
67404,2015,Yes,43628,4,Automatic,Front,4
16935,2015,No,0,4,Automatic,Front,0
40092,2016,Yes,72073,4,Automatic,Front,4
68223,2018,Yes,27406,4,Automatic,Front,4
42102,2016,Yes,89836,4,Automatic,Front,4
38182,2015,Yes,60539,4,Automatic,Front,4
71647,2019,Yes,47778,4,Automatic,Front,4
22110,2015,Yes,61230,4,Automatic,4x4,10
44533,2016,Yes,33705,4,Automatic,Front,4
23659,2017,Yes,49000,4,Automatic,Front,4
40954,2017,Yes,6589,4,Automatic,Front,4
19736,2016,Yes,37405,4,Automatic,Front,4
19601,2015,Yes,35607,4,Automatic,Front,4
54822,2017,Yes,28899,4,Automatic,Front,4
26770,2015,Yes,97896,4,Automatic,Front,4
31653,2016,Yes,41674,4,Automatic,Front,4
20165,2015,Yes,14368,4,Automatic,Front,4
21639,2017,Yes,33005,4,Automatic,Front,4
26491,2015,Yes,67971,4,Automatic,Front,4
26186,2016,No,52294,4,Automatic,4x4,10
41161,2016,Yes,77462,4,Automatic,Front,4
11133,2015,Yes,99542,4,Automatic,4x4,0
47694,2015,Yes,51115,4,Automatic,Front,4
59464,2016,Yes,43877,4,Automatic,Front,4
42218,2016,Yes,48800,4,Automatic,Front,4
5378,2015,Yes,75920,4,Automatic,Front,4
25396,2015,Yes,52959,4,Automatic,Front,4
20068,2015,Yes,63116,4,Automatic,Front,4
25089,2018,No,4363,4,Automatic,Front,0
55343,2016,Yes,41891,4,Automatic,Front,4
19444,2016,No,44293,8,Automatic,Front,8
21639,2017,Yes,16687,4,Automatic,Front,4
17876,2015,Yes,35841,4,Automatic,Front,4
28423,2016,Yes,66603,4,Automatic,Front,4
43868,2016,Yes,64071,4,Automatic,Front,4
5018,2016,Yes,71218,4,Automatic,Front,0
15500,2018,No,7000,4,Automatic,Front,6
53580,2017,Yes,30930,4,Automatic,Front,4
67699,2018,Yes,35950,4,Automatic,Front,4
65817,2018,Yes,12812,4,Automatic,Front,4
27755,2016,Yes,30178,4,Automatic,Front,4
13328,2017,Yes,44642,6,Automatic,4x4,0
39201,2017,Yes,95541,6,Automatic,Rear,0
40983,2016,Yes,26757,4,Automatic,Front,4
26814,2018,No,6380,4,Automatic,Front,8
47076,2016,Yes,73968,4,Automatic,Front,4
25387,2015,Yes,87573,4,Automatic,Front,4
71983,2019,Yes,10120,4,Automatic,Front,4
17227,2016,Yes,49068,4,Automatic,Front,4
43576,2016,Yes,59197,4,Automatic,Front,4
19757,2015,Yes,66196,4,Automatic,Front,8
12231,2016,Yes,42000,4,Manual,Front,0
18503,2016,Yes,28332,4,Automatic,Front,4
16935,2015,Yes,94949,4,Automatic,Front,0
44134,2017,Yes,67000,4,Automatic,Front,4
42171,2018,Yes,74221,4,Automatic,Front,4
47537,2017,Yes,60646,4,Automatic,Front,4
15681,2017,No,38000,4,Automatic,Front,8
47989,2016,Yes,43000,4,Automatic,Front,4
39201,2016,Yes,60108,4,Automatic,Front,4
27504,2015,Yes,47562,4,Automatic,Front,4
42102,2016,Yes,23379,4,Automatic,Front,4
37633,2019,No,5500,4,Automatic,Front,6
53518,2015,Yes,60741,4,Automatic,Front,4
9565,2016,Yes,71904,4,Automatic,Front,0
61951,2019,No,0,4,Automatic,Front,0
34980,2016,Yes,99217,4,Automatic,Front,4
10349,2015,Yes,77418,4,Automatic,Front,4
56431,2016,Yes,34030,4,Automatic,Front,4
44865,2016,Yes,70922,4,Automatic,Front,4
18503,2016,Yes,29864,4,Automatic,Front,4
17249,2015,Yes,73335,4,Automatic,Front,8
23364,2017,No,39187,4,Automatic,Front,8
34340,2016,Yes,27812,6,Automatic,Front,4
4704,2017,Yes,59331,6,Automatic,Rear,0
44545,2016,Yes,56331,4,Automatic,Front,4
64171,2018,Yes,21122,4,Automatic,Front,4
72130,2019,Yes,26138,8,Automatic,4x4,10
57698,2018,Yes,36304,4,Automatic,Front,4
24775,2016,No,38000,4,Automatic,Front,10
13328,2017,Yes,44642,6,Automatic,4x4,0
51815,2015,Yes,52800,4,Automatic,Front,4
69810,2019,Yes,2730,4,Automatic,Front,4
9418,2015,Yes,42875,4,Automatic,Front,4
18346,2015,Yes,31891,4,Automatic,Front,4
17249,2017,No,40000,4,Automatic,Front,2
15367,2018,Yes,1405,4,Automatic,4x4,8
51526,2016,Yes,57000,4,Automatic,Front,4
37476,2016,Yes,24526,4,Automatic,Front,4
14113,2015,Yes,84000,4,Automatic,Front,0
56848,2015,Yes,83535,4,Automatic,Front,4
42337,2017,Yes,27453,4,Automatic,Front,4
18189,2017,No,26000,4,Automatic,Front,8
49459,2016,Yes,49829,4,Automatic,Front,4
44862,2016,Yes,36808,4,Automatic,Front,4
21040,2015,Yes,67986,4,Automatic,Front,4
59834,2016,Yes,3785,4,Automatic,Front,4
15053,2018,No,37400,4,Automatic,Front,8
34419,2016,Yes,18498,4,Automatic,Front,4
23207,2016,Yes,33017,4,Automatic,Front,4
60502,2018,Yes,8000,4,Automatic,Front,4
15367,2017,No,41000,4,Automatic,Front,6
51373,2015,Yes,63323,4,Automatic,Front,4
40634,2017,Yes,25758,4,Automatic,Front,4
62493,2018,Yes,8520,4,Automatic,Front,4
54954,2016,Yes,63000,4,Automatic,Front,4
54349,2017,Yes,16000,4,Automatic,Front,4
36426,2018,Yes,35643,4,Automatic,Front,4
45674,2015,Yes,71309,4,Automatic,Front,4
13956,2018,No,0,4,Automatic,Front,0
19579,2015,Yes,69000,4,Automatic,Front,4
25089,2016,Yes,13530,4,Automatic,Front,4
49798,2015,Yes,93555,4,Automatic,Front,4
51965,2016,Yes,49515,4,Automatic,Front,4
50341,2017,Yes,68009,4,Automatic,Front,4
49864,2019,Yes,66500,4,Automatic,Front,4
42171,2017,Yes,67856,4,Automatic,Front,4
39559,2016,Yes,94000,4,Automatic,Front,4
43278,2016,No,78000,4,Automatic,4x4,0
40092,2016,Yes,35163,4,Automatic,Front,4
23436,2016,Yes,88900,4,Automatic,Front,4
27284,2017,No,28800,4,Automatic,Front,10
45872,2016,Yes,35934,4,Automatic,Front,4
23521,2015,No,46000,4,Manual,Front,8
23389,2015,Yes,68000,4,Automatic,Front,4
19757,2016,No,32960,4,Automatic,Front,8
40926,2015,Yes,25787,4,Automatic,Front,4
16935,2015,Yes,94949,4,Automatic,Front,0
29323,2015,Yes,75000,4,Automatic,Front,4
37984,2017,Yes,87764,4,Automatic,Front,4
45210,2017,Yes,91478,4,Automatic,Front,4
23834,2017,No,37474,4,Manual,Front,8
55230,2018,Yes,49396,4,Automatic,Front,4
23207,2015,Yes,45490,4,Automatic,Front,8
43880,2017,Yes,98847,4,Automatic,Front,4
24148,2015,Yes,49000,4,Automatic,Front,10
19601,2017,No,26095,4,Automatic,Front,8
51965,2016,Yes,59515,4,Automatic,Front,4
46518,2017,Yes,42763,4,Automatic,Front,4
14113,2015,Yes,72000,4,Automatic,4x4,6
43868,2016,Yes,54496,4,Automatic,Front,4
42218,2016,Yes,48800,4,Automatic,Front,4
73131,2018,Yes,1036,4,Automatic,Front,4
44846,2017,Yes,21037,4,Automatic,Front,4
19130,2015,No,22720,4,Automatic,Front,0
45633,2017,Yes,33575,4,Automatic,Front,4
66197,2018,Yes,20930,4,Automatic,Front,4
44213,2016,Yes,90924,4,Automatic,Front,4
15053,2016,Yes,65089,4,Automatic,Front,4
47531,2017,Yes,48291,4,Automatic,Front,4
43545,2016,Yes,78196,4,Automatic,Front,4
27174,2016,Yes,9607,4,Automatic,Front,4
47810,2016,Yes,57000,4,Automatic,Front,4
11604,2016,Yes,31455,4,Automatic,Front,4
14113,2017,Yes,31143,4,Automatic,Front,4
46251,2017,Yes,83138,4,Automatic,Front,4
27504,2016,Yes,74909,4,Automatic,Front,4
20071,2016,Yes,72507,4,Automatic,Front,4
26030,2017,Yes,52062,4,Automatic,Front,0
43868,2016,Yes,70940,4,Automatic,Front,4
22567,2016,Yes,94793,4,Automatic,Front,4
40556,2017,Yes,48089,4,Automatic,Front,4
22894,2016,Yes,55447,4,Automatic,Front,10
16778,2015,Yes,34328,4,Automatic,Front,4
45872,2017,Yes,57895,4,Automatic,Front,4
47107,2015,Yes,59000,4,Automatic,Front,4
56177,2016,Yes,50497,4,Automatic,Front,4
9565,2016,Yes,71904,4,Automatic,Front,0
15681,2017,Yes,77174,4,Automatic,Front,0
35610,2017,Yes,74279,4,Automatic,Front,4
40769,2016,Yes,23216,4,Automatic,Front,4
15367,2018,Yes,1405,4,Automatic,4x4,8
59837,2018,Yes,41778,4,Automatic,Front,4
38229,2017,Yes,83259,4,Automatic,Front,4
4077,2017,Yes,39814,6,Automatic,Rear,0
26657,2016,Yes,52359,4,Automatic,Front,8
25440,2015,Yes,70000,4,Automatic,Front,4
31211,2018,Yes,57809,4,Automatic,Front,4
15681,2016,Yes,32104,4,Automatic,Front,4
49751,2018,Yes,77130,4,Automatic,Front,4
27598,2017,No,60704,4,Automatic,Front,10
19287,2016,Yes,27334,4,Automatic,Front,4
14113,2017,Yes,27992,4,Automatic,Front,4
57108,2016,Yes,55510,4,Automatic,Front,4
11604,2016,Yes,33492,4,Automatic,Front,4
17562,2015,Yes,59661,4,Automatic,Front,8
45044,2016,Yes,62814,4,Automatic,Front,4
46919,2018,Yes,71689,4,Automatic,Front,4
19130,2016,Yes,49499,6,Automatic,4x4,0
44849,2015,Yes,62877,4,Automatic,Front,4
41055,2016,Yes,70922,4,Automatic,Front,4
45204,2017,Yes,31022,4,Automatic,Front,4
59827,2019,Yes,8115,4,Automatic,Front,4
19657,2015,Yes,48700,4,Automatic,Front,4
40362,2016,Yes,61000,4,Automatic,Front,4
35570,2016,Yes,77227,4,Automatic,Front,4
17405,2016,No,81302,4,Automatic,Front,8
20228,2016,Yes,30179,4,Automatic,Front,4
43576,2017,Yes,47456,4,Automatic,Front,4
10663,2015,Yes,81058,4,Automatic,4x4,0
19823,2015,Yes,67000,4,Automatic,Front,4
26770,2016,Yes,57000,4,Automatic,Front,4
54405,2016,Yes,49716,4,Automatic,Front,4
47377,2019,Yes,8737,4,Automatic,Front,4
15524,2016,No,29355,4,Automatic,Front,8
24283,2016,Yes,60805,4,Automatic,Front,4
17054,2015,Yes,99335,4,Automatic,Front,4
32929,2016,Yes,42140,4,Automatic,Front,6
43868,2019,Yes,57874,4,Automatic,Front,4
68144,2018,Yes,42857,4,Automatic,Front,4
23518,2015,Yes,52351,4,Automatic,Front,4
50030,2017,Yes,66340,4,Automatic,Front,4
21953,2015,No,67200,4,Automatic,Front,8
10976,2015,Yes,83902,4,Automatic,Front,0
16935,2016,No,0,4,Automatic,Front,0
43880,2017,Yes,79877,4,Automatic,Front,4
26096,2016,Yes,86965,4,Automatic,Front,4
34400,2016,Yes,79000,4,Automatic,Front,4
44752,2018,Yes,40137,4,Automatic,Front,4
38229,2016,Yes,92078,4,Automatic,Front,4
68148,2019,Yes,47778,4,Automatic,Front,4
28225,2017,No,54080,4,Automatic,Front,8
18983,2015,Yes,89106,4,Automatic,Front,4
39750,2017,Yes,73357,4,Automatic,Front,4
58507,2019,Yes,1878,4,Automatic,Front,4
17562,2015,No,95000,4,Automatic,4x4,0
43868,2016,Yes,42819,4,Automatic,Front,4
24462,2016,Yes,77000,4,Manual,Front,8
10506,2016,No,71069,4,Automatic,Front,6
44517,2017,Yes,66067,4,Automatic,Front,4
22580,2016,Yes,62876,4,Automatic,Front,4
15053,2017,No,0,4,Automatic,Front,0
39189,2018,Yes,6213,4,Automatic,Front,4
43143,2018,Yes,35168,4,Automatic,Front,4
11604,2015,No,76000,4,Automatic,Front,0
43576,2017,Yes,42891,4,Automatic,Front,4
53185,2017,Yes,26488,4,Automatic,Front,4
63152,2017,Yes,7176,4,Automatic,Front,4
21103,2016,Yes,91314,4,Automatic,Front,4
53872,2016,Yes,14950,4,Automatic,Front,4
20855,2016,No,68985,4,Automatic,Front,0
21918,2016,Yes,19088,4,Automatic,Front,4
44003,2018,Yes,24372,4,Automatic,Front,4
29777,2015,Yes,66000,4,Automatic,Front,4
27284,2015,Yes,80000,4,Automatic,Front,8
18817,2016,Yes,32595,4,Automatic,Front,4
42551,2017,Yes,81070,4,Automatic,Front,4
35124,2017,Yes,0,4,Automatic,4x4,0
16621,2016,No,50393,4,Automatic,Front,6
13328,2017,Yes,44642,6,Automatic,4x4,0
18817,2016,Yes,32595,4,Automatic,Front,4
54255,2017,Yes,25000,4,Automatic,4x4,8
39161,2016,Yes,49145,4,Automatic,Front,4
4861,2015,Yes,49272,4,Automatic,Front,0
73633,2019,Yes,15936,4,Automatic,Front,4
43592,2017,Yes,39814,6,Automatic,Rear,0
40634,2018,Yes,30084,4,Automatic,Front,4
79616,2020,Yes,4654,4,Automatic,Front,4
24462,2018,Yes,7368,4,Automatic,Front,8
6272,2016,Yes,17584,8,Automatic,4x4,0
60831,2018,Yes,17992,4,Automatic,Front,4
17562,2015,Yes,43740,4,Automatic,Front,4
41281,2016,Yes,31754,4,Automatic,Front,4
56371,2018,Yes,32130,4,Automatic,Front,4
24775,2017,No,2700,4,Automatic,Front,6
29006,2016,Yes,18071,4,Automatic,Front,4
26149,2015,Yes,80377,4,Automatic,Front,4
61471,2017,Yes,41018,4,Automatic,Front,4
64823,2018,Yes,29545,4,Automatic,Front,4
10663,2015,Yes,81058,4,Automatic,4x4,0
48955,2015,Yes,80000,4,Automatic,Front,4
16465,2015,Yes,35167,4,Automatic,Front,8
40556,2017,Yes,82430,4,Automatic,Front,4
52959,2018,Yes,48605,4,Automatic,Front,4
53154,2016,Yes,94259,4,Automatic,Front,4
64290,2016,Yes,48000,6,Automatic,4x4,6
50018,2017,Yes,19080,4,Automatic,Front,4
66485,2020,Yes,13460,4,Automatic,Front,4
26343,2015,Yes,47128,4,Automatic,Front,8
69502,2018,Yes,24000,4,Automatic,Front,4
23414,2015,Yes,60000,4,Automatic,Front,4
13642,2015,Yes,35762,4,Automatic,Front,4
49751,2015,Yes,62575,4,Automatic,Front,4
28532,2019,Yes,25000,4,Automatic,Front,4
37611,2016,Yes,76553,4,Automatic,Front,4
48547,2016,Yes,43000,4,Automatic,Front,4
22900,2018,Yes,2635,4,Automatic,Front,4
41400,2015,Yes,70003,4,Automatic,Front,4
35808,2017,Yes,37490,4,Automatic,Front,4
73310,2019,Yes,2730,4,Automatic,Front,4
34340,2015,Yes,31251,4,Automatic,Front,4
50861,2017,Yes,69527,4,Automatic,Front,4
40926,2017,Yes,54405,4,Automatic,Front,4
26030,2017,Yes,52062,4,Automatic,Front,0
49751,2017,Yes,43178,4,Automatic,Front,4
23207,2016,Yes,33017,4,Automatic,Front,4
26500,2016,Yes,30157,4,Automatic,Front,4
42667,2016,Yes,23767,4,Automatic,Front,4
42102,2017,Yes,50750,4,Automatic,Front,4
39615,2017,Yes,49000,4,Automatic,Front,4
48403,2015,Yes,85139,4,Automatic,Front,4
20855,2016,Yes,31780,4,Automatic,Front,4
47042,2016,Yes,56240,4,Automatic,4x4,0
55638,2015,Yes,36819,4,Automatic,Front,4
26030,2017,Yes,52062,4,Automatic,Front,0
49751,2015,Yes,62575,4,Automatic,Front,4
27654,2016,Yes,87510,4,Automatic,Front,4
39499,2016,Yes,45482,4,Automatic,Front,4
45542,2016,Yes,88585,4,Automatic,Front,4
15994,2016,Yes,93521,4,Automatic,Front,8
44752,2018,Yes,11953,4,Automatic,Front,4
18346,2016,Yes,33553,4,Automatic,Front,4
76029,2016,Yes,90000,4,Automatic,Front,4
12544,2015,No,72114,4,Automatic,Front,0
30326,2016,Yes,40877,4,Automatic,Front,4
17876,2015,No,71300,4,Automatic,Front,6
65817,2019,Yes,14542,4,Automatic,Front,4
35617,2017,Yes,56486,4,Automatic,Front,4
28909,2017,Yes,98000,4,Automatic,Front,4
15486,2016,Yes,66890,4,Automatic,Front,4
48867,2018,Yes,52782,4,Automatic,Front,4
14740,2015,Yes,50534,4,Automatic,Front,4
21796,2017,Yes,41092,4,Automatic,4x4,8
18189,2015,No,17000,4,Automatic,Front,0
59338,2017,Yes,35477,4,Automatic,Front,4
18189,2017,No,53000,4,Automatic,Front,6
26500,2017,Yes,46932,4,Automatic,Front,10
36774,2015,Yes,92825,4,Automatic,Front,4
40064,2016,Yes,48536,4,Automatic,Front,4
20385,2015,Yes,58000,4,Automatic,Front,10
42933,2017,Yes,50909,4,Automatic,Front,4
18817,2016,No,49600,4,Automatic,Front,6
13322,2018,Yes,62499,4,Automatic,Front,4
9565,2016,Yes,71904,4,Automatic,Front,0
14113,2015,No,54000,4,Automatic,Front,6
32744,2015,Yes,48294,4,Automatic,Front,4
42400,2016,Yes,75300,4,Automatic,Front,4
15367,2015,Yes,51274,4,Automatic,Front,4
13485,2015,Yes,30363,4,Automatic,Front,4
57526,2017,Yes,40950,4,Automatic,Front,4
53872,2015,Yes,48484,4,Automatic,Front,4
19444,2016,No,75200,4,Automatic,Front,10
53154,2016,Yes,99000,4,Automatic,Front,4
17719,2015,Yes,81125,4,Automatic,Front,4
20542,2015,Yes,43071,4,Automatic,Front,4
18660,2016,Yes,9470,4,Automatic,Front,8
17092,2015,Yes,41088,4,Automatic,Front,4
20385,2015,Yes,91174,4,Automatic,4x4,0
44533,2016,Yes,33705,4,Automatic,Front,4
37066,2016,Yes,88000,4,Automatic,Front,4
48534,2017,Yes,78843,4,Automatic,Front,4
50805,2017,Yes,22000,4,Automatic,Front,4
13485,2017,Yes,32852,4,Automatic,Front,4
15524,2017,No,26585,4,Automatic,Front,8
17249,2015,Yes,37000,4,Automatic,Front,8
44875,2018,Yes,87862,4,Automatic,Front,4
35168,2015,Yes,31040,4,Automatic,Front,4
49431,2015,Yes,63750,4,Automatic,Front,4
34560,2016,Yes,23779,4,Automatic,Front,4
43281,2017,Yes,59647,4,Automatic,Front,4
55932,2016,Yes,90612,4,Automatic,Front,4
20382,2016,Yes,44608,4,Automatic,Front,4
19601,2015,Yes,35607,4,Automatic,Front,4
45633,2017,Yes,71000,4,Automatic,Front,4
43905,2016,No,70542,6,Automatic,4x4,0
13485,2015,Yes,72369,4,Automatic,Front,4
16286,2015,Yes,39712,4,Automatic,Front,4
29777,2017,Yes,67122,4,Automatic,Front,4
15681,2015,No,61680,4,Automatic,Front,6
52696,2015,Yes,68920,4,Automatic,Front,4
40045,2016,Yes,76398,4,Automatic,Front,4
52959,2016,Yes,85720,4,Automatic,Front,4
46518,2017,Yes,70000,4,Automatic,Front,4
15837,2016,No,0,4,Automatic,4x4,0
61816,2016,Yes,33934,4,Automatic,Front,4
27425,2016,Yes,77836,4,Automatic,Front,4
15681,2016,No,71671,4,Automatic,Front,8
23991,2015,Yes,40602,4,Automatic,Front,4
9879,2015,Yes,38600,4,Automatic,Front,4
67113,2017,Yes,91813,8,Automatic,4x4,10
9565,2016,Yes,71904,4,Automatic,Front,0
61781,2020,Yes,98,4,Automatic,Front,4
52959,2016,Yes,80245,4,Automatic,Front,4
13015,2016,No,74509,4,Automatic,Front,6
9565,2015,Yes,38000,4,Automatic,Front,4
39201,2016,Yes,23000,4,Automatic,Front,6
29009,2016,No,52019,4,Automatic,4x4,10
53185,2017,Yes,38037,4,Automatic,Front,4
13485,2015,Yes,72369,4,Automatic,Front,4
24000,2019,Yes,1544,4,Automatic,Front,2
26343,2015,Yes,47128,4,Automatic,Front,8
39085,2016,Yes,79286,4,Automatic,Front,4
59087,2016,Yes,71867,4,Automatic,Front,4
31988,2018,No,14000,4,Automatic,Front,10
60994,2019,Yes,1217,4,Automatic,Front,4
39226,2017,Yes,98273,4,Automatic,Front,4
49751,2018,Yes,77130,4,Automatic,Front,4
33870,2015,Yes,50031,4,Automatic,Front,4
13978,2015,Yes,51865,4,Automatic,Front,4
42102,2016,Yes,69000,4,Automatic,Front,4
53185,2016,Yes,22715,4,Automatic,Front,4
66150,2018,Yes,17223,4,Automatic,Front,4
40092,2017,Yes,33507,4,Automatic,Front,4
62653,2019,Yes,7865,4,Automatic,Front,4
16935,2015,Yes,71454,4,Automatic,Front,0
25387,2015,Yes,73225,4,Automatic,Front,4
18000,2019,No,9000,4,Automatic,4x4,6
18000,2018,Yes,15000,4,Automatic,Front,2
53188,2017,Yes,66911,4,Automatic,Front,4
27924,2018,Yes,53000,4,Automatic,Front,4
68148,2019,Yes,31327,4,Automatic,Front,4
44043,2015,Yes,44729,4,Automatic,Front,4
14426,2015,Yes,36871,4,Automatic,Front,4
26030,2017,Yes,52062,4,Automatic,Front,0
59504,2016,Yes,32948,4,Automatic,Front,4
26949,2015,Yes,50927,4,Automatic,Front,4
58172,2016,Yes,30274,4,Automatic,Front,4
27441,2018,No,17123,4,Automatic,4x4,8
55515,2016,Yes,87331,4,Automatic,Front,4
61286,2018,Yes,69000,4,Automatic,Front,4
40889,2017,Yes,1461,4,Automatic,Front,4
41710,2019,Yes,6950,4,Automatic,Front,10
21316,2020,Yes,15601,4,Automatic,Front,4
18189,2016,Yes,27485,4,Automatic,Front,4
45542,2018,Yes,32066,4,Automatic,Front,4
16264,2016,Yes,57400,4,Automatic,Front,4
34497,2015,Yes,60123,4,Automatic,4x4,10
48873,2015,Yes,92870,4,Automatic,Front,4
44943,2016,Yes,23919,4,Automatic,Front,4
44611,2016,Yes,72066,4,Automatic,Front,4
17562,2019,No,13,4,Automatic,Front,8
15681,2017,Yes,61257,4,Automatic,Front,4
48196,2018,Yes,17172,4,Automatic,Front,4
36721,2017,Yes,30430,4,Automatic,Front,4
54458,2016,Yes,90727,4,Automatic,Front,4
6743,2016,Yes,71904,4,Automatic,Front,0
14426,2015,No,65566,6,Automatic,Front,6
12544,2016,Yes,29000,4,Automatic,Rear,10
33575,2018,Yes,65734,4,Automatic,Front,4
57961,2016,Yes,75540,4,Automatic,Front,4
11604,2016,Yes,28904,4,Automatic,Front,4
21953,2015,Yes,51722,4,Automatic,Front,4
40092,2017,Yes,70087,4,Automatic,Front,4
16399,2017,Yes,79363,4,Automatic,Front,4
16621,2015,Yes,61260,4,Automatic,Front,4
25299,2015,Yes,48424,4,Automatic,Front,4
55901,2016,Yes,100000,4,Automatic,Front,4
58018,2018,Yes,17245,4,Automatic,Front,4
50805,2018,Yes,53277,4,Automatic,Front,0
40769,2018,No,48600,4,Manual,4x4,6
48998,2015,Yes,88829,4,Automatic,Front,4
46251,2017,Yes,83138,4,Automatic,Front,4
39750,2017,Yes,48064,4,Automatic,Front,4
52066,2016,Yes,62735,4,Automatic,Front,4
30082,2015,Yes,55838,4,Automatic,Front,4
47042,2016,Yes,67133,4,Automatic,4x4,0
26500,2017,No,19211,4,Automatic,4x4,8
20071,2017,Yes,40177,4,Automatic,Front,4
28438,2015,Yes,28730,4,Automatic,Front,4
57990,2015,Yes,38051,4,Automatic,Front,4
23433,2016,Yes,88900,4,Automatic,Front,4
47669,2017,Yes,55704,4,Automatic,4x4,0
46223,2017,Yes,78476,4,Automatic,Front,4
20071,2016,Yes,62938,6,Automatic,4x4,0
25089,2016,Yes,59758,4,Automatic,Front,10
44134,2018,Yes,38972,4,Automatic,Front,4
45734,2016,Yes,61057,4,Automatic,Front,4
7527,2017,Yes,55403,6,Automatic,Rear,0
39578,2016,Yes,29086,4,Automatic,Front,4
28225,2015,Yes,38280,4,Automatic,4x4,0
28852,2017,Yes,27000,4,Automatic,Front,10
58018,2018,Yes,44000,4,Automatic,Front,10
23060,2015,Yes,32329,4,Automatic,Front,4
44219,2017,Yes,60720,4,Automatic,Front,4
45160,2016,Yes,28221,4,Automatic,Front,4
23207,2015,No,33215,4,Automatic,4x4,8
25823,2015,Yes,33000,4,Automatic,Front,4
22737,2016,No,72939,4,Automatic,Front,8
26064,2015,Yes,50555,4,Automatic,Front,4
26030,2017,Yes,44995,4,Automatic,4x4,0
15500,2019,No,5000,4,Automatic,Front,6
74639,2019,No,0,4,Manual,4x4,4
18045,2017,Yes,37074,4,Automatic,Front,4
9418,2015,Yes,39736,4,Automatic,Front,4
16465,2015,No,99000,4,Automatic,Front,8
38251,2016,Yes,54000,4,Automatic,Front,4
5018,2016,Yes,71218,4,Automatic,Front,0
55845,2017,Yes,32692,4,Automatic,Front,4
38869,2017,Yes,45691,4,Automatic,Front,4
45542,2017,Yes,95251,4,Automatic,Front,4
68994,2019,Yes,4000,4,Automatic,Front,10
16778,2017,No,43107,4,Automatic,Front,8
40926,2017,Yes,45710,4,Automatic,Front,4
44517,2017,Yes,97440,4,Automatic,Front,4
25299,2016,Yes,79845,4,Automatic,Front,4
33798,2017,Yes,75000,4,Automatic,Front,4
41221,2016,Yes,60650,4,Automatic,Front,4
23521,2015,Yes,94000,4,Automatic,Front,8
21796,2016,Yes,31033,4,Automatic,Front,4
44878,2016,Yes,61785,4,Automatic,Front,4
42692,2016,Yes,82574,4,Automatic,Front,4
17876,2015,No,95000,4,Automatic,Front,6
47669,2017,Yes,55704,4,Automatic,4x4,0
16151,2015,No,0,4,Automatic,Front,0
17249,2015,Yes,39104,4,Automatic,Front,4
20385,2016,Yes,83000,4,Automatic,4x4,0
61521,2017,Yes,65689,4,Automatic,Front,4
19930,2017,Yes,14665,4,Automatic,Front,4
37320,2017,Yes,73463,4,Automatic,Front,4
23521,2015,Yes,40644,4,Automatic,Front,4
67903,2020,Yes,2000,4,Automatic,Front,4
4861,2015,Yes,49272,4,Automatic,Front,0
14279,2016,Yes,37898,4,Automatic,Front,4
18189,2016,No,66000,4,Automatic,Front,6
51965,2016,Yes,49515,4,Automatic,Front,4
48277,2015,Yes,99162,4,Automatic,Front,4
54847,2017,Yes,20565,4,Automatic,Front,4
67934,2019,Yes,13940,4,Automatic,Front,4
31421,2017,Yes,65249,4,Automatic,Front,4
21103,2016,Yes,92000,4,Automatic,Front,4
15053,2016,No,70194,4,Automatic,Front,8
47217,2017,Yes,39071,4,Automatic,Front,4
42337,2018,No,9280,4,Automatic,Front,8
36899,2016,Yes,90132,4,Automatic,Front,4
28225,2015,Yes,89786,4,Automatic,4x4,0
77148,2017,No,9000,4,Automatic,4x4,6
19130,2018,No,12800,4,Automatic,Front,4
60897,2016,Yes,25439,4,Automatic,Front,4
14279,2016,Yes,37898,4,Automatic,Front,4
14279,2016,Yes,37898,4,Automatic,Front,4
29489,2017,Yes,47504,4,Automatic,Front,4
57507,2017,Yes,16352,4,Automatic,Front,4
19130,2015,No,98483,4,Automatic,Front,8
56513,2016,Yes,89316,4,Automatic,Front,4
38894,2016,Yes,96618,4,Automatic,Front,4
16151,2015,Yes,40523,4,Automatic,Front,4
18503,2016,Yes,30312,4,Automatic,Front,4
16004,2016,Yes,43618,4,Automatic,Front,4
17249,2017,No,52000,4,Automatic,Front,8
34497,2015,No,74000,4,Automatic,Front,0
17249,2015,Yes,68728,4,Automatic,Front,0
23433,2016,Yes,88900,4,Automatic,Front,4
35570,2016,Yes,77227,4,Automatic,Front,4
35344,2015,Yes,90660,4,Automatic,Front,4
50178,2017,No,75000,6,Automatic,Front,0
13328,2017,Yes,44642,6,Automatic,4x4,0
12548,2015,Yes,98937,4,Automatic,Front,4
18503,2016,Yes,30312,4,Automatic,Front,4
69807,2018,Yes,22237,4,Automatic,Front,4
19757,2015,No,57000,4,Automatic,Front,10
29166,2017,Yes,33100,4,Automatic,Front,6
53188,2018,Yes,17101,4,Automatic,Front,4
31204,2016,Yes,30574,4,Automatic,Front,4
13015,2015,No,90000,4,Automatic,4x4,0
24618,2015,Yes,64269,4,Automatic,Front,0
44545,2016,Yes,86000,4,Automatic,Front,4
45210,2017,Yes,63433,4,Automatic,Front,4
12701,2017,No,78000,4,Manual,Front,4
40889,2017,Yes,1461,4,Automatic,Front,4
48566,2018,Yes,14570,4,Automatic,Front,4
37580,2016,Yes,45156,4,Automatic,Front,4
17405,2017,Yes,28888,4,Automatic,Front,4
42544,2016,Yes,83804,4,Automatic,Front,4
29166,2018,No,42000,4,Manual,4x4,6
9879,2015,Yes,48000,4,Automatic,Front,4
48914,2016,Yes,48400,4,Automatic,Front,4
58579,2018,Yes,24998,4,Automatic,Front,4
58172,2017,Yes,36340,4,Automatic,Front,4
48998,2017,Yes,30008,4,Automatic,Front,4
21169,2016,Yes,39728,4,Automatic,Front,8
44457,2016,Yes,37045,4,Automatic,Front,4
50805,2015,Yes,49425,6,Automatic,4x4,6
57698,2017,Yes,7978,4,Automatic,Front,4
37984,2015,Yes,90621,4,Automatic,Front,4
37984,2017,Yes,82000,4,Automatic,Front,4
64604,2016,No,0,6,Automatic,4x4,0
17405,2015,Yes,51236,4,Automatic,Front,4
32104,2015,Yes,87074,4,Automatic,Front,4
49459,2015,Yes,94638,4,Automatic,Front,4
21000,2016,Yes,45707,4,Manual,Front,6
37984,2016,Yes,91060,4,Automatic,Front,4
54186,2016,Yes,89089,4,Automatic,Front,4
10663,2016,No,90535,4,Automatic,Front,6
23991,2018,No,10457,4,Automatic,Front,8
16621,2016,No,65271,4,Automatic,Front,8
43134,2017,Yes,60660,4,Automatic,Front,4
60345,2016,Yes,38804,4,Automatic,Front,4
38822,2016,Yes,34465,4,Automatic,Front,4
35403,2016,Yes,90000,4,Automatic,Front,4
23521,2017,Yes,26954,4,Automatic,Front,8
53580,2015,Yes,49253,4,Automatic,Front,4
27065,2015,Yes,38914,4,Automatic,Front,4
15681,2015,Yes,20800,4,Automatic,Rear,6
46919,2018,Yes,71689,4,Automatic,Front,4
19598,2015,Yes,20796,4,Automatic,Front,4
46728,2015,No,71104,4,Automatic,4x4,6
26613,2015,Yes,69010,4,Automatic,Front,4
73313,2020,Yes,21844,4,Automatic,Front,4
51191,2017,Yes,5000,4,Automatic,Front,4
73131,2017,Yes,19217,4,Automatic,Front,4
43880,2015,Yes,40715,4,Automatic,Front,4
18000,2015,No,0,4,Automatic,Front,2
6272,2016,Yes,17584,8,Automatic,4x4,0
57902,2018,Yes,66790,4,Automatic,Front,4
18503,2020,No,13000,4,Automatic,Front,4
21012,2015,No,0,4,Automatic,Front,8
45928,2018,Yes,22918,4,Automatic,Front,4
45787,2017,Yes,44995,4,Automatic,4x4,0
14113,2015,Yes,51865,4,Automatic,Front,4
46534,2018,Yes,22016,4,Automatic,Front,4
16305,2015,Yes,64000,4,Automatic,Front,10
10349,2015,Yes,86280,4,Automatic,Front,4
47989,2017,Yes,15470,4,Automatic,Front,4
12388,2015,No,74204,4,Automatic,Front,6
17876,2015,No,43000,4,Automatic,Front,8
42692,2018,Yes,45494,4,Automatic,Front,4
45436,2018,Yes,45535,4,Automatic,Front,4
9418,2015,Yes,43514,4,Automatic,Front,4
52520,2017,Yes,23229,4,Automatic,Front,4
40092,2017,Yes,50518,4,Automatic,Front,4
59313,2017,Yes,31000,4,Automatic,Front,4
80000,2018,Yes,3237,4,Automatic,4x4,10
26644,2015,Yes,35624,4,Automatic,Front,4
39829,2016,Yes,86189,6,Automatic,4x4,0
5018,2015,Yes,93304,4,Automatic,4x4,0
25089,2015,No,82000,4,Automatic,Front,6
19757,2016,No,44000,4,Automatic,Front,6
59834,2018,Yes,27176,4,Automatic,Front,4
59837,2018,Yes,13048,4,Automatic,Front,4
40889,2016,Yes,79911,4,Automatic,Front,4
67354,2017,Yes,8088,4,Automatic,Front,4
35617,2017,Yes,56486,4,Automatic,Front,4
18503,2016,Yes,28332,4,Automatic,Front,4
42557,2016,Yes,87722,4,Automatic,Front,4
61894,2019,Yes,6109,4,Automatic,Front,4
51965,2015,Yes,56476,4,Automatic,Front,4
21796,2017,No,18839,4,Automatic,Front,8
42152,2016,Yes,61000,4,Automatic,Front,4
52357,2017,Yes,70800,4,Automatic,Front,4
52959,2016,Yes,73960,4,Automatic,Front,4
48202,2015,Yes,51651,4,Automatic,Front,4
18817,2016,Yes,32595,4,Automatic,Front,4
75300,2019,No,0,4,Automatic,4x4,0
27598,2016,No,70000,4,Automatic,Front,10
42692,2015,Yes,59150,4,Automatic,Front,4
39829,2016,Yes,54541,4,Automatic,Front,4
44166,2016,Yes,28699,4,Automatic,Front,4
37301,2015,Yes,28792,4,Automatic,Front,4
26030,2016,No,75851,4,Automatic,Front,10
51373,2015,Yes,94090,4,Automatic,Front,4
48534,2017,Yes,45331,4,Automatic,Front,4
16308,2016,No,0,4,Automatic,4x4,0
30734,2017,No,28897,4,Automatic,4x4,10
42218,2016,Yes,96334,4,Automatic,Front,4
16621,2016,Yes,76466,4,Automatic,Front,8
28068,2017,No,31241,4,Automatic,Front,10
58579,2017,Yes,58113,4,Automatic,Front,4
66479,2019,Yes,7771,4,Automatic,Front,4
62355,2017,Yes,75000,4,Automatic,Front,4
22894,2015,No,89248,4,Automatic,Front,8
21953,2016,No,56000,4,Automatic,Front,0
55845,2018,Yes,29939,4,Automatic,Front,4
43868,2016,Yes,68961,4,Automatic,Front,4
35610,2017,Yes,71402,4,Automatic,Front,4
53872,2016,Yes,14950,4,Automatic,Front,4
53185,2018,Yes,38639,4,Automatic,Front,4
33575,2018,Yes,65734,4,Automatic,Front,4
17876,2016,No,54590,4,Manual,Front,10
43714,2018,Yes,38945,4,Automatic,Front,4
14000,2017,No,46000,4,Manual,Front,4
23521,2015,Yes,58285,4,Automatic,4x4,0
13799,2015,Yes,30258,4,Automatic,Front,4
15677,2016,Yes,30374,4,Automatic,Front,4
26030,2017,Yes,52062,4,Automatic,Front,0
42218,2016,Yes,96334,4,Automatic,Front,4
60684,2016,Yes,37514,4,Automatic,Front,10
25763,2015,Yes,78356,4,Automatic,Front,4
16308,2016,Yes,1717,4,Automatic,4x4,0
45436,2018,Yes,45535,4,Automatic,Front,4
18033,2017,No,49439,4,Automatic,Front,6
13476,2016,Yes,4422,4,Automatic,Front,4
32274,2016,Yes,86391,4,Automatic,Front,4
31047,2018,No,10000,4,Automatic,Front,8
37580,2016,Yes,90000,4,Automatic,Front,4
62161,2017,Yes,3355,4,Automatic,Front,4
25089,2016,No,88000,4,Automatic,Front,8
41193,2015,Yes,59179,4,Automatic,Front,4
59834,2017,Yes,12047,4,Automatic,Front,4
38731,2017,Yes,30066,4,Automatic,Front,4
56509,2018,Yes,17741,4,Automatic,Front,4
15000,2017,No,38000,4,Automatic,Front,4
67480,2017,Yes,16914,4,Automatic,Front,4
5987,2015,Yes,93100,4,Automatic,Front,4
41259,2017,Yes,22099,4,Automatic,Front,4
5018,2016,Yes,71218,4,Automatic,Front,0
42692,2016,Yes,54216,4,Automatic,Front,4
65015,2019,Yes,6770,4,Automatic,Front,4
73134,2015,Yes,56571,4,Automatic,Front,4
19130,2015,Yes,55073,4,Automatic,Front,4
40688,2016,Yes,97640,4,Automatic,Front,4
39085,2015,Yes,95303,4,Automatic,Front,4
29636,2017,Yes,32578,4,Automatic,Front,4
25089,2015,Yes,68000,4,Automatic,Front,4
20071,2016,Yes,62938,6,Automatic,4x4,0
43576,2016,Yes,53873,4,Automatic,Front,4
78048,2016,Yes,99742,4,Automatic,Front,4
49174,2016,Yes,48774,4,Automatic,Front,4
30712,2017,Yes,50380,4,Automatic,Front,4
40092,2016,Yes,55234,4,Automatic,Front,4
29950,2016,Yes,50079,4,Automatic,Front,4
43545,2015,Yes,37064,4,Automatic,Front,4
38731,2017,Yes,30066,4,Automatic,Front,4
21639,2017,Yes,16687,4,Automatic,Front,4
52034,2017,Yes,82413,4,Automatic,Front,4
43952,2018,Yes,73548,4,Automatic,Front,4
52853,2016,Yes,89454,4,Automatic,Front,4
52959,2017,Yes,13941,4,Automatic,Front,4
40092,2017,Yes,52516,4,Automatic,Front,4
19130,2016,Yes,62938,6,Automatic,4x4,0
55343,2018,Yes,42563,4,Automatic,Front,4
15524,2018,No,21786,4,Automatic,Front,8
39201,2017,Yes,95541,6,Automatic,Rear,0
16308,2017,No,31109,4,Automatic,Front,8
26030,2017,Yes,52062,4,Automatic,Front,0
25729,2017,Yes,56378,4,Automatic,Front,4
42218,2017,Yes,89736,4,Automatic,Front,4
12858,2015,Yes,93170,4,Automatic,4x4,0
25716,2016,Yes,57491,4,Automatic,Front,4
29166,2016,No,44821,4,Manual,Front,6
25032,2017,Yes,22607,4,Automatic,Front,4
36997,2019,Yes,2598,4,Automatic,Front,4
19287,2016,No,17961,4,Automatic,Front,8
6899,2015,Yes,90392,4,Automatic,4x4,0
13150,2015,Yes,56128,4,Automatic,Front,4
53154,2018,Yes,79550,4,Automatic,Front,4
47957,2015,Yes,40593,4,Automatic,Front,4
21109,2015,Yes,78541,4,Automatic,Front,4
27755,2016,Yes,31965,4,Automatic,Front,4
27441,2017,Yes,30087,4,Automatic,Front,4
49848,2019,Yes,20700,4,Automatic,Front,4
20855,2016,Yes,31780,4,Automatic,Front,4
9565,2016,Yes,71904,4,Automatic,Front,0
21796,2017,Yes,46096,4,Automatic,Front,8
40926,2015,Yes,90344,4,Automatic,Front,4
45633,2016,Yes,93000,4,Automatic,Front,4
16465,2017,No,69232,4,Automatic,Front,8
42651,2017,Yes,44995,4,Automatic,4x4,0
36711,2017,Yes,90000,4,Automatic,Front,4
27065,2015,Yes,81036,4,Automatic,Front,4
33575,2018,Yes,53871,4,Automatic,Front,4
72130,2016,No,57000,4,Manual,Front,2
17876,2015,No,50950,4,Automatic,Front,10
27654,2015,Yes,68201,4,Automatic,Front,4
15367,2015,Yes,33034,4,Automatic,Front,4
62992,2018,Yes,72913,4,Automatic,Front,4
37984,2016,Yes,89298,4,Automatic,Front,4
47042,2018,No,15000,4,Automatic,Front,2
39201,2015,Yes,40899,4,Automatic,Front,4
7527,2017,Yes,55403,6,Automatic,Rear,0
52959,2016,Yes,77158,4,Automatic,Front,4
39044,2017,Yes,30098,4,Automatic,Front,4
36802,2015,Yes,66753,4,Automatic,Front,4
27259,2015,Yes,50488,4,Automatic,Front,4
47201,2018,Yes,85610,4,Automatic,Front,4
15681,2016,No,64163,4,Manual,Front,6
16935,2015,Yes,94949,4,Automatic,Front,0
18033,2015,Yes,33300,4,Automatic,Front,4
57108,2015,Yes,94595,4,Automatic,Front,4
19130,2016,Yes,49499,6,Automatic,4x4,0
19184,2015,Yes,97500,4,Automatic,Front,4
26770,2016,Yes,95184,4,Automatic,Front,4
31581,2018,Yes,52000,4,Automatic,Front,4
11133,2015,Yes,59763,4,Manual,Front,6
18817,2017,No,99302,4,Manual,Front,6
52856,2018,Yes,18137,4,Automatic,Front,4
20071,2016,Yes,31460,4,Automatic,Front,4
51802,2016,Yes,61635,4,Automatic,Front,4
20526,2015,Yes,75000,4,Automatic,Front,4
42883,2016,Yes,98841,4,Automatic,Front,4
34074,2018,Yes,58515,4,Automatic,Front,4
18817,2017,No,38400,4,Automatic,Front,8
52373,2017,No,35000,6,Automatic,4x4,6
22000,2016,No,49000,4,Automatic,Front,8
66485,2016,Yes,44079,4,Automatic,Front,4
16455,2017,Yes,98614,4,Automatic,Front,4
35570,2015,Yes,82196,4,Automatic,Front,4
25889,2016,Yes,75787,4,Automatic,Front,4
10976,2017,No,41000,4,Automatic,Front,4
39201,2018,No,12000,4,Automatic,4x4,8
15837,2017,No,84782,4,Automatic,Front,8
52034,2018,Yes,19698,4,Automatic,Front,4
47669,2017,Yes,55704,4,Automatic,4x4,0
26306,2017,Yes,49659,4,Automatic,Front,4
21326,2017,Yes,53116,4,Automatic,Front,8
41281,2017,Yes,64416,4,Automatic,Front,4
49864,2017,Yes,97992,4,Automatic,Front,4
42651,2017,Yes,44995,4,Automatic,4x4,0
45210,2016,Yes,60604,4,Automatic,Front,4
46251,2018,Yes,19000,4,Automatic,Front,4
23678,2015,Yes,20063,4,Manual,Front,8
10976,2016,No,94000,4,Manual,Front,6
13956,2015,No,85985,4,Manual,Front,8
42651,2017,Yes,44995,4,Automatic,4x4,0
18503,2016,Yes,31006,4,Automatic,Front,4
20344,2016,Yes,44608,4,Automatic,Front,4
37301,2015,Yes,16033,4,Automatic,Front,4
38229,2016,Yes,92078,4,Automatic,Front,4
50018,2017,Yes,54930,4,Automatic,Front,4
37000,2016,Yes,51053,4,Automatic,Front,4
20855,2016,Yes,31102,4,Automatic,Front,4
28909,2017,Yes,37029,4,Automatic,Front,4
65996,2018,Yes,28000,4,Automatic,Front,4
20814,2016,Yes,83814,4,Automatic,Front,4
39722,2015,Yes,64512,4,Automatic,Front,4
18503,2016,Yes,30312,4,Automatic,Front,4
14583,2017,No,43488,4,Automatic,Front,6
22580,2015,No,92430,4,Automatic,Front,10
44878,2017,Yes,63478,4,Automatic,Front,4
50651,2016,Yes,66522,4,Automatic,Front,4
24000,2019,Yes,6000,4,Automatic,Front,8
16935,2015,Yes,94949,4,Automatic,Front,0
40926,2016,Yes,46916,4,Automatic,Front,4
37476,2017,No,36099,4,Automatic,Front,10
70678,2018,Yes,34704,4,Automatic,Front,4
31361,2016,Yes,24000,4,Automatic,Front,0
36899,2016,Yes,90132,4,Automatic,Front,4
30887,2015,Yes,51966,4,Automatic,Front,4
29094,2017,Yes,84000,4,Automatic,Front,4
17719,2015,Yes,81125,4,Automatic,Front,4
42337,2017,Yes,49697,4,Automatic,Front,4
4077,2017,Yes,39814,6,Automatic,Rear,0
39066,2015,Yes,14000,4,Automatic,Front,4
14113,2015,Yes,34329,4,Automatic,Front,4
42667,2016,Yes,67523,4,Automatic,Front,4
38580,2017,Yes,97709,4,Automatic,Front,4
34808,2017,Yes,15602,4,Automatic,Front,4
19601,2015,Yes,35607,4,Automatic,Front,4
43281,2017,Yes,61506,4,Automatic,Front,4
50560,2018,Yes,37691,4,Automatic,Front,4
30931,2018,Yes,35798,4,Automatic,Front,4
34340,2016,Yes,27812,6,Automatic,Front,4
28532,2016,Yes,39770,4,Automatic,Front,4
18503,2016,Yes,31151,4,Automatic,Front,4
57990,2018,Yes,13715,4,Automatic,Front,4
15053,2018,No,0,4,Automatic,Front,0
14906,2015,Yes,34569,4,Automatic,Front,4
31361,2015,No,26000,4,Automatic,Front,10
17249,2015,No,0,4,Automatic,Front,0
55678,2018,Yes,19961,4,Automatic,Front,4
17562,2015,No,43000,4,Automatic,Front,6
19757,2016,Yes,65600,4,Automatic,Front,10
5018,2016,Yes,71218,4,Automatic,Front,0
41553,2018,Yes,16922,4,Automatic,Front,4
21796,2016,No,73542,4,Automatic,Front,8
79971,2018,Yes,47047,4,Automatic,Front,4
18503,2016,Yes,33091,4,Automatic,Front,4
20071,2016,Yes,30088,4,Automatic,Front,4
39226,2016,Yes,88230,4,Automatic,Front,4
53420,2017,Yes,78121,4,Automatic,Front,4
19287,2017,Yes,21834,4,Automatic,Front,8
16935,2015,Yes,94949,4,Automatic,Front,0
7527,2017,Yes,55403,6,Automatic,Rear,0
38762,2017,Yes,27428,4,Automatic,Front,4
42337,2018,Yes,30606,4,Automatic,Front,10
38157,2017,Yes,80000,4,Automatic,Front,4
38445,2016,Yes,92487,4,Automatic,Front,4
43655,2017,Yes,96117,4,Automatic,Front,4
39201,2016,Yes,15000,4,Automatic,Front,0
17249,2017,No,0,4,Automatic,Front,0
60499,2018,Yes,27244,4,Automatic,Front,4
43868,2016,Yes,26000,4,Automatic,Front,4
11917,2016,Yes,32839,4,Automatic,Front,4
16960,2015,Yes,82000,4,Automatic,Front,4
20814,2016,Yes,83814,4,Automatic,Front,4
67426,2016,Yes,68549,4,Automatic,Front,0
34074,2018,Yes,58515,4,Automatic,Front,4
45204,2016,Yes,53938,4,Automatic,Front,4
30906,2017,Yes,67000,4,Automatic,Front,4
4861,2015,Yes,49272,4,Automatic,Front,0
43655,2017,Yes,96117,4,Automatic,Front,4
16465,2016,No,95085,4,Automatic,Front,8
36235,2017,Yes,11200,4,Automatic,Front,4
20385,2016,Yes,74184,4,Automatic,Front,0
28589,2015,Yes,57293,4,Automatic,Front,4
43868,2016,Yes,55820,4,Automatic,Front,4
51523,2018,Yes,22100,4,Automatic,Front,4
43952,2017,Yes,51671,4,Automatic,Front,4
15681,2018,No,6487,4,Automatic,Front,6
52520,2015,Yes,66599,4,Automatic,Front,4
15367,2015,Yes,51274,4,Automatic,Front,4
32274,2016,Yes,88108,4,Automatic,Front,4
21326,2015,Yes,63500,4,Automatic,Front,10
45633,2017,Yes,28441,4,Automatic,Front,4
19757,2015,Yes,23000,4,Manual,Front,6
24462,2016,Yes,25541,4,Automatic,Front,8
37959,2016,Yes,54631,4,Automatic,Front,4
18776,2015,Yes,51895,4,Automatic,Front,4
42538,2017,Yes,9000,4,Automatic,Front,4
11481,2016,Yes,90812,4,Automatic,Front,4
18817,2016,Yes,32595,4,Automatic,Front,4
51075,2017,Yes,85540,4,Automatic,Front,4
18817,2019,No,1532,4,Automatic,Front,8
14113,2015,Yes,33034,4,Automatic,Front,4
22894,2018,Yes,20753,4,Automatic,Front,4
34127,2015,Yes,61000,4,Automatic,Front,4
40424,2016,Yes,97000,4,Automatic,Front,4
18346,2015,Yes,31891,4,Automatic,Front,4
44611,2016,Yes,44914,4,Automatic,Front,4
31659,2016,Yes,82141,4,Automatic,Front,4
29144,2016,Yes,47522,4,Automatic,Front,4
56814,2017,Yes,67365,4,Automatic,Front,4
26030,2016,No,75000,4,Automatic,Front,10
38229,2017,Yes,71991,4,Automatic,Front,4
24000,2018,No,19000,4,Automatic,Front,0
42883,2015,Yes,62200,4,Automatic,Front,4
63886,2020,Yes,5305,4,Automatic,Front,4
